<?xml version="1.0" encoding="UTF-8"?><?mso-infoPathSolution solutionVersion="1.0.0.434" productVersion="14.0.0" PIVersion="1.0.0.0" href="file:///C:\Users\suhrobm\AppData\Local\Microsoft\InfoPath\Designer3\b6dcc8b31ee34c26\manifest.xsf" ?><?mso-application progid="InfoPath.Document" versionProgid="InfoPath.Document.3"?><dfs:myFields xmlns:xsi="http://www.w3.org/2001/XMLSchema-instance" xmlns:dfs="http://schemas.microsoft.com/office/infopath/2003/dataFormSolution" xmlns:d="http://schemas.microsoft.com/office/infopath/2009/WSSList/dataFields" xmlns:pc="http://schemas.microsoft.com/office/infopath/2007/PartnerControls" xmlns:ma="http://schemas.microsoft.com/office/2009/metadata/properties/metaAttributes" xmlns:q="http://schemas.microsoft.com/office/infopath/2009/WSSList/queryFields" xmlns:dms="http://schemas.microsoft.com/office/2009/documentManagement/types" xmlns:xhtml="http://www.w3.org/1999/xhtml" xmlns:my="http://schemas.microsoft.com/office/infopath/2009/WSSList/cmeDataFields" xmlns:xd="http://schemas.microsoft.com/office/infopath/2003" xml:lang="en-us" xmlns:xdado="http://schemas.microsoft.com/office/infopath/2003/adomapping" xdado:dataModified="">
	<dfs:queryFields>
		<q:SharePointListItem_RW>
			<q:ID xsi:nil="true"></q:ID>
			<q:Title xsi:nil="true"></q:Title>
			<q:Author xsi:nil="true"></q:Author>
			<q:Editor xsi:nil="true"></q:Editor>
			<q:Modified xsi:nil="true"></q:Modified>
			<q:Created xsi:nil="true"></q:Created>
			<q:Position_x0020_Type xsi:nil="true"></q:Position_x0020_Type>
			<q:Name xsi:nil="true"></q:Name>
			<q:MSID xsi:nil="true"></q:MSID>
			<q:Resource_x0020_Type xsi:nil="true"></q:Resource_x0020_Type>
			<q:Cost_x0020_Center xsi:nil="true"></q:Cost_x0020_Center>
			<q:Hiring_x0020_Manager xsi:nil="true"></q:Hiring_x0020_Manager>
			<q:Role xsi:nil="true"></q:Role>
			<q:Experience_x0020_Level xsi:nil="true"></q:Experience_x0020_Level>
			<q:Employee_x0020_Level xsi:nil="true"></q:Employee_x0020_Level>
			<q:PPM_x0020_Project xsi:nil="true"></q:PPM_x0020_Project>
			<q:Allocation_x0020_1 xsi:nil="true"></q:Allocation_x0020_1>
			<q:PPM_x0020_Project_x0020_2 xsi:nil="true"></q:PPM_x0020_Project_x0020_2>
			<q:Allocation_x0020_2 xsi:nil="true"></q:Allocation_x0020_2>
			<q:PPM_x0020_Project_x0020_3 xsi:nil="true"></q:PPM_x0020_Project_x0020_3>
			<q:Allocation_x0020_3 xsi:nil="true"></q:Allocation_x0020_3>
			<q:Expected_x0020_Start_x0020_Date xsi:nil="true"></q:Expected_x0020_Start_x0020_Date>
			<q:Primary_x0020_Business_x0020_Jus xsi:nil="true"></q:Primary_x0020_Business_x0020_Jus>
			<q:Primary_x0020_Location_x0020_Jus xsi:nil="true"></q:Primary_x0020_Location_x0020_Jus>
			<q:Vendor xsi:nil="true"></q:Vendor>
			<q:AllocationTotal xsi:nil="true"></q:AllocationTotal>
			<q:Status xsi:nil="true"></q:Status>
			<q:Expected_x0020_Start_x0020_Date_ xsi:nil="true"></q:Expected_x0020_Start_x0020_Date_>
			<q:Expected_x0020_Start_x0020_Date_0 xsi:nil="true"></q:Expected_x0020_Start_x0020_Date_0>
			<q:Expected_x0020_End_x0020_Date_x0 xsi:nil="true"></q:Expected_x0020_End_x0020_Date_x0>
			<q:Expected_x0020_End_x0020_Date_x00 xsi:nil="true"></q:Expected_x0020_End_x0020_Date_x00>
			<q:Expected_x0020_End_x0020_Date_x01 xsi:nil="true"></q:Expected_x0020_End_x0020_Date_x01>
			<q:pTrackerID xsi:nil="true"></q:pTrackerID>
			<q:City xsi:nil="true"></q:City>
			<q:Building xsi:nil="true"></q:Building>
			<q:Attachment xsi:nil="true"></q:Attachment>
			<q:ResourceStartDate xsi:nil="true"></q:ResourceStartDate>
			<q:MachineBuild xsi:nil="true"></q:MachineBuild>
			<q:DivisionalRole xsi:nil="true"></q:DivisionalRole>
			<q:RemoteAccess xsi:nil="true"></q:RemoteAccess>
			<q:NYMetroSeating xsi:nil="true"></q:NYMetroSeating>
			<q:ResourcePAG0 xsi:nil="true"></q:ResourcePAG0>
			<q:MSADAccountCreation0 xsi:nil="true"></q:MSADAccountCreation0>
			<q:LeaveDropcard xsi:nil="true"></q:LeaveDropcard>
			<q:KerberosShortIDMirror xsi:nil="true"></q:KerberosShortIDMirror>
			<q:MachineCostApproval xsi:nil="true"></q:MachineCostApproval>
			<q:DateEntitlementExpiration xsi:nil="true"></q:DateEntitlementExpiration>
			<q:NewRequestRoleChange xsi:nil="true"></q:NewRequestRoleChange>
			<q:DesktopIDtoMirror xsi:nil="true"></q:DesktopIDtoMirror>
			<q:BMReview xsi:nil="true"></q:BMReview>
			<q:CurrentUser xsi:nil="true"></q:CurrentUser>
			<q:isBM xsi:nil="true"></q:isBM>
			<q:Department xsi:nil="true"></q:Department>
			<q:CC xsi:nil="true"></q:CC>
			<q:CMB_x0020_Approval xsi:nil="true"></q:CMB_x0020_Approval>
			<q:CBM_x0020_Process xsi:nil="true"></q:CBM_x0020_Process>
			<q:Override_x0020_Status xsi:nil="true"></q:Override_x0020_Status>
			<q:Override_x0020_RAG xsi:nil="true"></q:Override_x0020_RAG>
			<q:MSID_x0020__x002d__x0020_Backfil xsi:nil="true"></q:MSID_x0020__x002d__x0020_Backfil>
			<q:StartDay xsi:nil="true"></q:StartDay>
			<q:COOApproval xsi:nil="true"></q:COOApproval>
			<q:COOProcess xsi:nil="true"></q:COOProcess>
			<q:CIOApproval xsi:nil="true"></q:CIOApproval>
			<q:CIOProcess xsi:nil="true"></q:CIOProcess>
			<q:BM_x0020_Approval xsi:nil="true"></q:BM_x0020_Approval>
			<q:HiringManagerName xsi:nil="true"></q:HiringManagerName>
			<q:WorkItemCount xsi:nil="true"></q:WorkItemCount>
			<q:isWorkItem xsi:nil="true"></q:isWorkItem>
			<q:PPMProject4 xsi:nil="true"></q:PPMProject4>
			<q:PPMProject5 xsi:nil="true"></q:PPMProject5>
			<q:PPMProject6 xsi:nil="true"></q:PPMProject6>
			<q:PPMProject7 xsi:nil="true"></q:PPMProject7>
			<q:PPMProject8 xsi:nil="true"></q:PPMProject8>
			<q:PPMProject9 xsi:nil="true"></q:PPMProject9>
			<q:PPMProject10 xsi:nil="true"></q:PPMProject10>
			<q:Allocation4 xsi:nil="true"></q:Allocation4>
			<q:Allocation5 xsi:nil="true"></q:Allocation5>
			<q:Allocation6 xsi:nil="true"></q:Allocation6>
			<q:Allocation7 xsi:nil="true"></q:Allocation7>
			<q:Allocation8 xsi:nil="true"></q:Allocation8>
			<q:Allocation9 xsi:nil="true"></q:Allocation9>
			<q:Allocation10 xsi:nil="true"></q:Allocation10>
			<q:SuperFunction xsi:nil="true"></q:SuperFunction>
			<q:SkillTrack xsi:nil="true"></q:SkillTrack>
			<q:PositionDescription xsi:nil="true"></q:PositionDescription>
			<q:Target_x0020_Hiring_x0020_Month xsi:nil="true"></q:Target_x0020_Hiring_x0020_Month>
			<q:COO_x0020_Approval_x0020_Date xsi:nil="true"></q:COO_x0020_Approval_x0020_Date>
			<q:CIO_x0020_Approval_x0020_Date xsi:nil="true"></q:CIO_x0020_Approval_x0020_Date>
			<q:showHelp xsi:nil="true"></q:showHelp>
			<q:Portfolio_x0020_Status xsi:nil="true"></q:Portfolio_x0020_Status>
			<q:COO_x0020_RAG_x0020_Status xsi:nil="true"></q:COO_x0020_RAG_x0020_Status>
			<q:COOCIOApproval xsi:nil="true"></q:COOCIOApproval>
			<q:Location_x0020_Type xsi:nil="true"></q:Location_x0020_Type>
			<q:Outgoing_x0020_Resource xsi:nil="true"></q:Outgoing_x0020_Resource>
			<q:Criteria xsi:nil="true"></q:Criteria>
			<q:Priority xsi:nil="true"></q:Priority>
			<q:Date_x0020_Reviewed_x0020_by_x00 xsi:nil="true"></q:Date_x0020_Reviewed_x0020_by_x00>
			<q:Outgoing_x0020_Resource_x0020_St xsi:nil="true"></q:Outgoing_x0020_Resource_x0020_St>
			<q:Outgoing_x0020_Resource_x0020_En xsi:nil="true"></q:Outgoing_x0020_Resource_x0020_En>
			<q:Resource_x0020_Level xsi:nil="true"></q:Resource_x0020_Level>
			<q:FollowUpQuestion xsi:nil="true"></q:FollowUpQuestion>
			<q:PAGRAG xsi:nil="true"></q:PAGRAG>
			<q:DepartmentRAG xsi:nil="true"></q:DepartmentRAG>
			<q:RTBRAG xsi:nil="true"></q:RTBRAG>
			<q:Class xsi:nil="true"></q:Class>
			<q:OverallRAG xsi:nil="true"></q:OverallRAG>
		</q:SharePointListItem_RW>
	</dfs:queryFields>
	<dfs:dataFields>
		<my:SharePointListItem_RW>
			<my:ID xsi:nil="true"></my:ID>
			<my:Title></my:Title>
			<my:Author>
				<pc:Person>
					<pc:DisplayName></pc:DisplayName>
					<pc:AccountId></pc:AccountId>
					<pc:AccountType></pc:AccountType>
				</pc:Person>
			</my:Author>
			<my:Editor>
				<pc:Person>
					<pc:DisplayName></pc:DisplayName>
					<pc:AccountId></pc:AccountId>
					<pc:AccountType></pc:AccountType>
				</pc:Person>
			</my:Editor>
			<my:Modified xsi:nil="true"></my:Modified>
			<my:Created xsi:nil="true"></my:Created>
			<my:Attachments></my:Attachments>
			<my:Position_x0020_Type>Add</my:Position_x0020_Type>
			<my:Name></my:Name>
			<my:MSID>N/A</my:MSID>
			<my:Resource_x0020_Type>FTE - FTE Non-Exempt</my:Resource_x0020_Type>
			<my:Cost_x0020_Center>5D80 - CTS QA MGD OUTSOURCE</my:Cost_x0020_Center>
			<my:Hiring_x0020_Manager>477YL</my:Hiring_x0020_Manager>
			<my:Role>Technical Writer</my:Role>
			<my:Experience_x0020_Level>Advanced</my:Experience_x0020_Level>
			<my:Employee_x0020_Level>Associate</my:Employee_x0020_Level>
			<my:PPM_x0020_Project>425436 : WM-AIDT-MSO Targeted Messaging and Real Time Personalization</my:PPM_x0020_Project>
			<my:Allocation_x0020_1>1.00</my:Allocation_x0020_1>
			<my:PPM_x0020_Project_x0020_2></my:PPM_x0020_Project_x0020_2>
			<my:Allocation_x0020_2 xsi:nil="true"></my:Allocation_x0020_2>
			<my:PPM_x0020_Project_x0020_3></my:PPM_x0020_Project_x0020_3>
			<my:Allocation_x0020_3 xsi:nil="true"></my:Allocation_x0020_3>
			<my:Total_x0020_Allocation></my:Total_x0020_Allocation>
			<my:Additional_x0020_Business_x0020_>TEST</my:Additional_x0020_Business_x0020_>
			<my:Additional_x0020_Location_x0020_>TEST</my:Additional_x0020_Location_x0020_>
			<my:Expected_x0020_Start_x0020_Date>2018-05-27T14:32:52</my:Expected_x0020_Start_x0020_Date>
			<my:Primary_x0020_Business_x0020_Jus>Incremental Demand</my:Primary_x0020_Business_x0020_Jus>
			<my:Primary_x0020_Location_x0020_Jus>Core - Co-Location with other internal client</my:Primary_x0020_Location_x0020_Jus>
			<my:Vendor></my:Vendor>
			<my:AllocationTotal>1</my:AllocationTotal>
			<my:Status>New</my:Status>
			<my:Expected_x0020_Start_x0020_Date_>2018-05-27T14:32:52</my:Expected_x0020_Start_x0020_Date_>
			<my:Expected_x0020_Start_x0020_Date_0>2018-05-27T14:32:52</my:Expected_x0020_Start_x0020_Date_0>
			<my:Expected_x0020_End_x0020_Date_x0>2016-12-31T00:00:00</my:Expected_x0020_End_x0020_Date_x0>
			<my:Expected_x0020_End_x0020_Date_x00>2016-12-31T00:00:00</my:Expected_x0020_End_x0020_Date_x00>
			<my:Expected_x0020_End_x0020_Date_x01>2016-12-31T00:00:00</my:Expected_x0020_End_x0020_Date_x01>
			<my:pTrackerID></my:pTrackerID>
			<my:City>New York</my:City>
			<my:Building>FrontPoint - New York NY</my:Building>
			<my:Attachment>Attachment</my:Attachment>
			<my:ResourceStartDate>2018-05-27T14:32:52</my:ResourceStartDate>
			<my:MachineBuild>PCG iWin</my:MachineBuild>
			<my:DivisionalRole>No Role Needed</my:DivisionalRole>
			<my:RemoteAccess></my:RemoteAccess>
			<my:NYMetroSeating></my:NYMetroSeating>
			<my:SeatingComments></my:SeatingComments>
			<my:ResourcePAG0>CORE TECHNOLOGY SERVICES</my:ResourcePAG0>
			<my:MSADAccountCreation0></my:MSADAccountCreation0>
			<my:LeaveDropcard></my:LeaveDropcard>
			<my:KerberosShortIDMirror></my:KerberosShortIDMirror>
			<my:AdditionalNeeds></my:AdditionalNeeds>
			<my:MachineCostApproval></my:MachineCostApproval>
			<my:DateEntitlementExpiration xsi:nil="true"></my:DateEntitlementExpiration>
			<my:NewRequestRoleChange></my:NewRequestRoleChange>
			<my:DesktopIDtoMirror></my:DesktopIDtoMirror>
			<my:HoverIcon Description=""></my:HoverIcon>
			<my:BMReview>PENDING</my:BMReview>
			<my:CurrentUser>suhrobm</my:CurrentUser>
			<my:isBM>49</my:isBM>
			<my:Department>QUALITY ASSURANCE</my:Department>
			<my:CC>5D80</my:CC>
			<my:Comments></my:Comments>
			<my:CMB_x0020_Approval>Pending</my:CMB_x0020_Approval>
			<my:CBM_x0020_Process>Pending</my:CBM_x0020_Process>
			<my:Override_x0020_Status>Pending WMT COO Review</my:Override_x0020_Status>
			<my:Override_x0020_RAG></my:Override_x0020_RAG>
			<my:MSID_x0020__x002d__x0020_Backfil></my:MSID_x0020__x002d__x0020_Backfil>
			<my:StartDay>WAITING</my:StartDay>
			<my:COOApproval>Pending</my:COOApproval>
			<my:COOProcess>Pending</my:COOProcess>
			<my:CIOApproval>Pending</my:CIOApproval>
			<my:CIOProcess>Pending</my:CIOProcess>
			<my:BM_x0020_Approval>APPROVED</my:BM_x0020_Approval>
			<my:HiringManagerName>Irina Podosheva</my:HiringManagerName>
			<my:WorkItemCount>1</my:WorkItemCount>
			<my:isWorkItem></my:isWorkItem>
			<my:PPMProject4></my:PPMProject4>
			<my:PPMProject5></my:PPMProject5>
			<my:PPMProject6></my:PPMProject6>
			<my:PPMProject7></my:PPMProject7>
			<my:PPMProject8></my:PPMProject8>
			<my:PPMProject9></my:PPMProject9>
			<my:PPMProject10></my:PPMProject10>
			<my:Allocation4 xsi:nil="true"></my:Allocation4>
			<my:Allocation5 xsi:nil="true"></my:Allocation5>
			<my:Allocation6 xsi:nil="true"></my:Allocation6>
			<my:Allocation7 xsi:nil="true"></my:Allocation7>
			<my:Allocation8 xsi:nil="true"></my:Allocation8>
			<my:Allocation9 xsi:nil="true"></my:Allocation9>
			<my:Allocation10 xsi:nil="true"></my:Allocation10>
			<my:Rejection_x0020_Comment></my:Rejection_x0020_Comment>
			<my:SuperFunction>N/A</my:SuperFunction>
			<my:SkillTrack>N/A</my:SkillTrack>
			<my:PositionDescription>AddFTE - FTE Non-ExemptNew York</my:PositionDescription>
			<my:Target_x0020_Hiring_x0020_Month>2018-05-27T14:32:52</my:Target_x0020_Hiring_x0020_Month>
			<my:COO_x0020_Approval_x0020_Date xsi:nil="true"></my:COO_x0020_Approval_x0020_Date>
			<my:CIO_x0020_Approval_x0020_Date xsi:nil="true"></my:CIO_x0020_Approval_x0020_Date>
			<my:showHelp>0</my:showHelp>
			<my:Aging></my:Aging>
			<my:CBMSorting></my:CBMSorting>
			<my:JobDescription>TEST</my:JobDescription>
			<my:Portfolio_x0020_Status>Pending</my:Portfolio_x0020_Status>
			<my:Program_x0020__x0023__x0020_and_>WM DIGITAL MARKETING INFRASTRUCTURE</my:Program_x0020__x0023__x0020_and_>
			<my:COO_x0020_RAG_x0020_Status>1</my:COO_x0020_RAG_x0020_Status>
			<my:COOCIOApproval>Pending COO leadership review</my:COOCIOApproval>
			<my:FollowUpComments></my:FollowUpComments>
			<my:Location_x0020_Type></my:Location_x0020_Type>
			<my:PPM_x0020_Work_x0020_Item_x0028_></my:PPM_x0020_Work_x0020_Item_x0028_>
			<my:Outgoing_x0020_Resource></my:Outgoing_x0020_Resource>
			<my:Criteria></my:Criteria>
			<my:Question_x0020_To_x0020_BM></my:Question_x0020_To_x0020_BM>
			<my:Response_x0020_from_x0020_BM></my:Response_x0020_from_x0020_BM>
			<my:Priority></my:Priority>
			<my:Date_x0020_Reviewed_x0020_by_x00></my:Date_x0020_Reviewed_x0020_by_x00>
			<my:Outgoing_x0020_Resource_x0020_St></my:Outgoing_x0020_Resource_x0020_St>
			<my:Outgoing_x0020_Resource_x0020_En></my:Outgoing_x0020_Resource_x0020_En>
			<my:Resource_x0020_Level></my:Resource_x0020_Level>
			<my:FollowUpQuestion></my:FollowUpQuestion>
			<my:PAGRAG>1</my:PAGRAG>
			<my:DepartmentRAG>1</my:DepartmentRAG>
			<my:RTBRAG></my:RTBRAG>
			<my:Class>DCTB</my:Class>
			<my:OverallRAG>G</my:OverallRAG>
			<my:PeopleTrackerID></my:PeopleTrackerID>
			<my:LocationRAG>Red</my:LocationRAG>
			<my:RAGComments>TEST</my:RAGComments>
			<my:SelectSeat>Shared Desk</my:SelectSeat>
			<my:SeatLocation></my:SeatLocation>
			<my:SeatSharingResource>26PHL</my:SeatSharingResource>
		</my:SharePointListItem_RW>
	</dfs:dataFields>
</dfs:myFields>