{"last_tab":"9","scrollup":"1","reg_image_size":"0","load_child_theme":"0","catalog_mode":"0","product_brand_taxonomy":"pa_brands","compare_page_id":"2917","shop_jumbotron_id":"2923","sticky_payment_box":"1","product_archive_enabled_views":{"enabled":{"placebo":"placebo","grid":"Grid","grid-extended":"Grid Extended","list-view":"List","list-view-small":"List View Small"},"disabled":{"placebo":"placebo"}},"shop_layout":"left-sidebar","subcategory_columns":"3","product_columns":"3","products_per_page":"15","single_product_layout":"left-sidebar","single_product_style":"normal","enable_related_products":"1","header_top_bar_show":"1","site_header_logo":{"url":"","id":"","height":"","width":"","thumbnail":""},"header_style":"v2","sticky_header":"0","header_vertical_menu_title":"All Departments","header_vertical_menu_icon":"fa fa-list-ul","header_departments_menu_title":"Shop By Department","header_navbar_search_placeholder":"Search for Products","enable_header_navbar_search_dropdown":"1","header_navbar_search_dropdown_categories":"show_only_top_level","header_navbar_search_dropdown_text":"All Categories","header_support_block_show":"1","header_support_number":"<strong>Support<\/strong> (+800) 856 800 604","header_support_email":"Email: info@electro.com","show_footer_brands_slider":"1","footer_footer_brands_slider_number":"12","show_footer_widgets":"1","show_footer_newsletter":"1","footer_newsletter_title":"Sign up to Newsletter","footer_newsletter_marketing_text":"...and receive <strong>$20 coupon for first shopping<\/strong>","footer_newsletter_signup_form":"","show_footer_contact_block":"1","show_footer_logo":"1","site_footer_logo":{"url":"","id":"","height":"","width":"","thumbnail":""},"show_footer_call_us":"1","footer_call_us_text":"Got Questions ? Call us 24\/7!","footer_call_us_icon":"ec ec-support","footer_call_us_number":"(800) 8001-8588, (0600) 874 548","show_footer_address":"1","footer_address_title":"Contact Info","footer_address":"17 Princess Road, London, Greater London NW1 8JR, UK","show_footer_social_icons":"1","show_footer_bottom_widgets":"1","footer_bottom_widgets_column_spacing":"5.357em","footer_bottom_widgets_width_auto":"1","footer_bottom_widgets_column_width":"auto","footer_credit_block_enable":"1","footer_credit":"&copy; <a href=\"http:\/\/demo2.chethemes.com\/electro\/\">Electro<\/a> - All Rights Reserved","footer_credit_icons":"2953,2954,2955,2956,2957","primary-nav_dropdown_trigger":"click","navbar-primary_dropdown_trigger":"click","topbar-left_dropdown_trigger":"click","topbar-right_dropdown_trigger":"click","blog_view":"blog-default","blog_layout":"right-sidebar","post_placeholder_img":"1","single_post_layout":"right-sidebar","facebook":"http:\/\/themeforest.net\/user\/shaikrilwan\/portfolio","twitter":"http:\/\/themeforest.net\/user\/shaikrilwan\/portfolio","googleplus":"http:\/\/themeforest.net\/user\/shaikrilwan\/portfolio","pinterest":"http:\/\/themeforest.net\/user\/shaikrilwan\/portfolio","linkedin":"http:\/\/themeforest.net\/user\/shaikrilwan\/portfolio","tumblr":"http:\/\/themeforest.net\/user\/shaikrilwan\/portfolio","instagram":"http:\/\/themeforest.net\/user\/shaikrilwan\/portfolio","youtube":"http:\/\/themeforest.net\/user\/shaikrilwan\/portfolio","vimeo":"","dribbble":"","stumbleupon":"","soundcloud":"","vine":"","vk":"","show_footer_rss_icon":"1","use_predefined_color":"1","main_color":"yellow","custom_primary_color":"#0787ea","custom_primary_text_color":"#ffffff","include_custom_color":"1","use_predefined_font":"1","electro_title_font":{"font-family":"Oswald","font-options":"","google":"1","font-weight":"","font-style":"","subsets":"latin"},"electro_content_font":{"font-family":"Open Sans","font-options":"","google":"1","subsets":"latin"},"custom_css":".single-product .brand a img {\r\n    position: relative;\r\n    right: 10px;\r\n}\r\n\r\n.progress { overflow: hidden; }\r\n\r\n.navbar-search .input-group .form-control:last-child {\r\n    border-top-left-radius: 2.467em; \r\n    border-bottom-left-radius: 2.467em;\r\n}","redux-backup":"1"}